{
    "Description": {
        "Id": "pilot_Kavinsky",
        "Name": "Kavinsky",
        "FirstName": "Vincent",
        "LastName": "Belorgey",
        "Callsign": "Kavinsky",
        "Gender": "Male",
        "factionID": "Marik",
        "Age": 46,
        "Details": "I'm giving you a \"night call\" to tell you how I feel\r\n\r\nI want to drive you through the night, down the hills\r\n\r\nI'm gonna tell you something you don't want to hear\r\n\r\nI'm gonna show you where it's dark, but have no fear...\r\n\r\n",
        "Icon": "guiTxrPort_Kavinsky"
    },
    "BaseGunnery": "10",
    "BonusGunnery": 0,
    "BasePiloting": "10",
    "BonusPiloting": 0,
    "BaseGuts": "10",
    "BonusGuts": 0,
    "BaseTactics": "10",
    "BonusTactics": 0,
    "ExperienceUnspent": 0,
    "ExperienceSpent": 113600,
    "Injuries": 0,
    "Health": 3,
    "LethalInjury": false,
    "Incapacitated": false,
    "Morale": 0,
    "Voice": "m_pro07_allan",
    "abilityDefNames": [
                "TraitDefEvasiveChargeAddOne",
                "TraitDefEvasiveChargeAddTwo",
                "TraitDefSprintIncrease20",
                "TraitDefUnsteadySet80",

                "TraitDefHealthAddOne",
                "TraitDefHealthAddTwo",
                "TraitDefHealthAddThree",
                "TraitDefRefireReduceOne",
                "TraitDefRefireReduceTwo",
                "TraitDefOverheatAddFifteen",
                "TraitDefOverheatAddThirty",

                "TraitDefIndirectReduceOne",
                "TraitDefIndirectReduceTwo",
                "TraitDefIndirectReduceThree",
                "TraitDefMinRangeReduce45",
                "TraitDefMinRangeReduce90",
                "TraitDefCalledShotImprove",
                "TraitDefCalledShotMaster"
		"AbilityDefP5",
		"AbilityDefP8",
		"AbilityDefGu5"
    ],
    "AIPersonality": "Undefined",
    "PilotTags": {
        "items": [
            "name_Kavinsky",
            "pilot_marik",
	    "pilot_tech",
	    "pilot_brave",
	    "pilot_lucky",
	    "pilot_reckless"
        ],
        "tagSetSourceFile": ""
    },
    "PilotCost": 0
    "IsRonin": true,
    "IsVanguard": false,
	"RoninRequiresWhitelist": false
}